
"Regional gross disposable household income (GDHI) at current basic prices"
"ONS Crown Copyright Reserved [from Nomis on 13 December 2024]"
"Analysis   :","standard"
"Component of GDHI:","Gross Disposable Household Income (GDHI)"
"Measure    :","Gross Disposable Household Income - GDHI (£m)"

"Area","mnemonic","2017","2018","2019","2020","2021"

"country:United Kingdom","K02000001",1300608,1358278,1409660,1402455,1453047
"country:Great Britain","K03000001",1270652,1327368,1377382,1370298,1419459
"country:England","E92000001",1122348,1173887,1218276,1210984,1255871
"country:Wales","W92000004",50060,52178,53715,54516,56015
"country:Scotland","S92000003",98244,101303,105391,104798,107572
"country:Northern Ireland","N92000002",29956,30910,32278,32157,33588
"country:England and Wales","K04000001",1172408,1226065,1271991,1265500,1311887
"gor:North East","E12000001",42139,43447,45032,45397,46749
"gor:North West","E12000002",124586,129402,134864,135696,140015
"gor:Yorkshire and The Humber","E12000003",90018,93885,97252,97648,100657
"gor:East Midlands","E12000004",82011,85172,88713,89496,92505
"gor:West Midlands","E12000005",99114,103123,106612,106892,110549
"gor:East","E12000006",127041,132655,137580,136108,141800
"gor:London","E12000007",243320,258469,267152,262889,273521
"gor:South East","E12000008",206588,215171,223402,220398,228844
"gor:South West","E12000009",107531,112563,117670,116460,121233
"gor:Wales","W92000004",50060,52178,53715,54516,56015
"gor:Scotland","S92000003",98244,101303,105391,104798,107572
"gor:Northern Ireland","N92000002",29956,30910,32278,32157,33588
"lacu:Darlington","E06000005",1766,1802,1858,1934,1989
"lacu:County Durham","E06000047",8108,8381,8667,8724,8982
"lacu:Hartlepool","E06000001",1410,1480,1490,1516,1568
"lacu:Middlesbrough","E06000002",2074,2153,2225,2261,2332
"lacu:Northumberland","E06000057",5991,6146,6359,6342,6553
"lacu:Redcar and Cleveland","E06000003",2124,2203,2263,2271,2340
"lacu:Stockton-on-Tees","E06000004",3179,3234,3401,3431,3534
"lacu:Gateshead","E08000037",3007,3144,3252,3247,3302
"lacu:Newcastle upon Tyne","E08000021",4559,4757,5018,4997,5199
"lacu:North Tyneside","E08000022",3384,3523,3700,3839,3915
"lacu:South Tyneside","E08000023",2321,2351,2399,2437,2501
"lacu:Sunderland","E08000024",4215,4273,4399,4399,4535
"lacu:Blackburn with Darwen","E06000008",1949,2043,2158,2243,2328
"lacu:Blackpool","E06000009",2186,2226,2311,2313,2356
"lacu:Cheshire East","E06000049",8609,9118,9536,9475,9887
"lacu:Cheshire West and Chester","E06000050",6889,7189,7459,7395,7633
"lacu:Halton","E06000006",2105,2212,2264,2304,2342
"lacu:Warrington","E06000007",3996,4176,4347,4321,4426
"lacu:Cumbria","E10000006",9295,9519,9840,9780,10056
"lacu:Bolton","E08000001",4532,4661,4833,4853,5023
"lacu:Bury","E08000002",3381,3510,3628,3655,3780
"lacu:Manchester","E08000003",7884,8293,8669,8909,9289
"lacu:Oldham","E08000004",3314,3525,3695,3717,3804
"lacu:Rochdale","E08000005",3217,3306,3501,3554,3652
"lacu:Salford","E08000006",4286,4298,4576,4680,4904
"lacu:Stockport","E08000007",5763,6037,6307,6278,6480
"lacu:Tameside","E08000008",3487,3605,3750,3781,3852
"lacu:Trafford","E08000009",5012,5420,5623,5557,5738
"lacu:Wigan","E08000010",5073,5251,5470,5556,5679
"lacu:Lancashire","E10000017",20568,21260,22206,22382,23107
"lacu:Knowsley","E08000011",2311,2365,2538,2599,2675
"lacu:Liverpool","E08000012",7308,7543,7770,7947,8225
"lacu:Sefton","E08000014",4930,5037,5165,5226,5346
"lacu:St. Helens","E08000013",2845,2958,3145,3151,3226
"lacu:Wirral","E08000015",5646,5850,6074,6022,6206
"lacu:East Riding of Yorkshire","E06000011",6234,6552,6771,6774,7010
"lacu:Kingston upon Hull, City of","E06000010",3584,3732,3835,3921,4007
"lacu:North East Lincolnshire","E06000012",2514,2569,2668,2709,2777
"lacu:North Lincolnshire","E06000013",2657,2790,2872,2874,2953
"lacu:York","E06000014",3805,4021,4164,4109,4212
"lacu:North Yorkshire","E10000023",12587,13210,13689,13487,14007
"lacu:Barnsley","E08000016",3764,3936,4166,4253,4360
"lacu:Doncaster","E08000017",4925,5116,5157,5231,5370
"lacu:Rotherham","E08000018",4183,4264,4419,4433,4574
"lacu:Sheffield","E08000019",8623,9031,9273,9288,9549
"lacu:Bradford","E08000032",7748,7948,8259,8376,8590
"lacu:Calderdale","E08000033",3541,3637,3764,3722,3793
"lacu:Kirklees","E08000034",6807,7135,7441,7443,7656
"lacu:Leeds","E08000035",13474,14164,14809,14908,15421
"lacu:Wakefield","E08000036",5571,5780,5965,6119,6378
"lacu:Derby","E06000015",3949,4110,4279,4285,4370
"lacu:Leicester","E06000016",4642,4761,4926,5135,5346
"lacu:Nottingham","E06000018",4215,4343,4549,4652,4798
"lacu:Rutland","E06000017",878,947,1010,981,1013
"lacu:Derbyshire","E10000007",13874,14408,14999,15135,15680
"lacu:Leicestershire","E10000018",12735,13180,13859,13957,14457
"lacu:Lincolnshire","E10000019",12951,13472,14038,14105,14585
"lacu:Nottinghamshire","E10000024",14274,14840,15416,15519,16030
"lacu:North Northamptonshire","E06000061",6321,6507,6751,6865,7096
"lacu:West Northamptonshire","E06000062",8171,8603,8887,8863,9130
"lacu:Herefordshire, County of","E06000019",3587,3739,3907,3921,4052
"lacu:Shropshire","E06000051",6007,6302,6525,6474,6723
"lacu:Stoke-on-Trent","E06000021",3621,3806,3906,3909,3992
"lacu:Telford and Wrekin","E06000020",2849,2965,3087,3146,3292
"lacu:Staffordshire","E10000028",15641,16333,16903,16859,17497
"lacu:Warwickshire","E10000031",12189,12553,12948,12824,13322
"lacu:Birmingham","E08000025",16413,16981,17596,17879,18489
"lacu:Coventry","E08000026",5284,5504,5651,5728,5897
"lacu:Dudley","E08000027",4965,5123,5278,5322,5466
"lacu:Sandwell","E08000028",4426,4578,4755,4831,4994
"lacu:Solihull","E08000029",4653,4844,5001,4844,4980
"lacu:Walsall","E08000030",4119,4295,4391,4432,4579
"lacu:Wolverhampton","E08000031",3750,3897,4033,4113,4227
"lacu:Worcestershire","E10000034",11610,12204,12632,12611,13040
"lacu:Bedford","E06000055",3488,3662,3802,3793,3962
"lacu:Central Bedfordshire","E06000056",5858,6115,6387,6345,6652
"lacu:Luton","E06000032",3477,3538,3650,3756,3870
"lacu:Peterborough","E06000031",3395,3513,3672,3713,3860
"lacu:Southend-on-Sea","E06000033",3543,3691,3826,3795,3950
"lacu:Thurrock","E06000034",3107,3300,3441,3460,3598
"lacu:Cambridgeshire","E10000003",13950,14552,15195,14959,15595
"lacu:Essex","E10000012",31178,32845,34097,33686,35135
"lacu:Hertfordshire","E10000015",29166,30334,31217,30471,31811
"lacu:Norfolk","E10000020",15746,16393,17166,17138,17815
"lacu:Suffolk","E10000029",14134,14711,15125,14992,15551
"lacu:Camden","E09000007",10467,11442,12017,11568,12330
"lacu:City of London","E09000001",1669,1830,1809,1592,1655
"lacu:Hackney","E09000012",6524,6946,7298,7349,7709
"lacu:Hammersmith and Fulham","E09000013",7469,7766,7854,7628,8072
"lacu:Haringey","E09000014",7552,7901,8194,8014,8419
"lacu:Islington","E09000019",7172,7646,8046,7850,8112
"lacu:Kensington and Chelsea","E09000020",12418,13158,13023,12257,13087
"lacu:Lambeth","E09000022",8872,9507,9877,9725,10012
"lacu:Lewisham","E09000023",6632,6987,7395,7433,7763
"lacu:Newham","E09000025",6415,6902,7299,7435,7790
"lacu:Southwark","E09000028",8121,8773,9031,9067,9514
"lacu:Tower Hamlets","E09000030",7826,8369,8813,8771,9279
"lacu:Wandsworth","E09000032",12124,12876,13386,13018,13655
"lacu:Westminster","E09000033",13190,13866,14051,13246,13821
"lacu:Barking and Dagenham","E09000002",3458,3692,3857,4015,4079
"lacu:Barnet","E09000003",10979,11681,12001,11835,12299
"lacu:Bexley","E09000004",5131,5358,5572,5539,5676
"lacu:Brent","E09000005",7921,8444,8653,8501,8758
"lacu:Bromley","E09000006",8669,9193,9454,9280,9575
"lacu:Croydon","E09000008",8327,8871,9217,9277,9498
"lacu:Ealing","E09000009",8936,9243,9471,9550,9766
"lacu:Enfield","E09000010",7174,7515,7834,7847,8107
"lacu:Greenwich","E09000011",6220,6571,6920,6966,7155
"lacu:Harrow","E09000015",6585,6944,7030,6858,7186
"lacu:Havering","E09000016",5586,5904,6063,6017,6211
"lacu:Hillingdon","E09000017",6291,6593,6866,6830,7008
"lacu:Hounslow","E09000018",6372,6772,7104,7078,7249
"lacu:Kingston upon Thames","E09000021",4444,4824,4910,4901,5026
"lacu:Merton","E09000024",6097,6443,6771,6611,6908
"lacu:Redbridge","E09000026",6621,7110,7274,7243,7569
"lacu:Richmond upon Thames","E09000027",7481,8089,8366,8003,8310
"lacu:Sutton","E09000029",4578,4878,5053,4941,5118
"lacu:Waltham Forest","E09000031",5995,6374,6643,6646,6806
"lacu:Bracknell Forest","E06000036",2591,2670,2815,2878,2973
"lacu:Brighton and Hove","E06000043",6287,6571,6765,6621,6862
"lacu:Isle of Wight","E06000046",2439,2553,2659,2667,2750
"lacu:Medway","E06000035",5082,5250,5452,5517,5704
"lacu:Milton Keynes","E06000042",5492,5763,5900,5970,6170
"lacu:Portsmouth","E06000044",3422,3549,3693,3759,3842
"lacu:Reading","E06000038",3490,3581,3856,3807,3885
"lacu:Slough","E06000039",2655,2768,2919,2952,3024
"lacu:Southampton","E06000045",4116,4275,4420,4411,4475
"lacu:West Berkshire","E06000037",3960,4055,4291,4184,4334
"lacu:Windsor and Maidenhead","E06000040",4598,4704,4979,4874,5040
"lacu:Wokingham","E06000041",4333,4699,4802,4755,4954
"lacu:Buckinghamshire","E06000060",14420,14933,15507,15062,15791
"lacu:East Sussex","E10000011",11632,11937,12308,12169,12697
"lacu:Hampshire","E10000014",30752,32006,33196,32658,33744
"lacu:Kent","E10000016",32287,33678,34930,34797,36271
"lacu:Oxfordshire","E10000025",16201,16894,17786,17565,18216
"lacu:Surrey","E10000030",33742,35309,36505,35465,37183
"lacu:West Sussex","E10000032",19091,19978,20617,20284,20927
"lacu:Bath and North East Somerset","E06000022",4034,4240,4446,4265,4445
"lacu:Bristol, City of","E06000023",8669,9075,9611,9549,9933
"lacu:Cornwall","E06000052",9879,10173,10668,10799,11303
"lacu:Isles of Scilly","E06000053",49,48,51,52,52
"lacu:North Somerset","E06000024",4496,4653,4896,4851,5030
"lacu:Plymouth","E06000026",4215,4347,4520,4525,4625
"lacu:Bournemouth, Christchurch and Poole","E06000058",7822,8163,8537,8360,8703
"lacu:South Gloucestershire","E06000025",5583,6039,6125,6040,6263
"lacu:Swindon","E06000030",4126,4316,4513,4497,4631
"lacu:Torbay","E06000027",2362,2437,2521,2556,2685
"lacu:Wiltshire","E06000054",10301,10888,11423,11224,11626
"lacu:Devon","E10000008",14948,15702,16396,16279,17065
"lacu:Dorset","E06000059",7657,8008,8360,8219,8525
"lacu:Gloucestershire","E10000013",12884,13488,14096,13849,14419
"lacu:Somerset","E10000027",10506,10985,11507,11396,11928
"lacu:Isle of Anglesey","W06000001",1144,1179,1196,1208,1244
"lacu:Gwynedd","W06000002",1857,1905,1956,1973,2041
"lacu:Conwy","W06000003",1949,2037,2101,2107,2179
"lacu:Denbighshire","W06000004",1589,1653,1646,1665,1708
"lacu:Flintshire","W06000005",2703,2843,2909,2936,2979
"lacu:Wrexham","W06000006",2310,2312,2334,2349,2387
"lacu:Powys","W06000023",2251,2337,2424,2443,2553
"lacu:Ceredigion","W06000008",1112,1160,1196,1203,1259
"lacu:Pembrokeshire","W06000009",2018,2096,2153,2166,2240
"lacu:Carmarthenshire","W06000010",2935,3057,3146,3181,3278
"lacu:Swansea","W06000011",3724,3873,4001,4110,4227
"lacu:Neath Port Talbot","W06000012",2233,2246,2366,2402,2438
"lacu:Bridgend","W06000013",2226,2372,2417,2481,2504
"lacu:Vale of Glamorgan","W06000014",2467,2647,2757,2799,2906
"lacu:Cardiff","W06000015",5846,6131,6278,6458,6664
"lacu:Rhondda Cynon Taff","W06000016",3509,3665,3804,3862,3965
"lacu:Merthyr Tydfil","W06000024",881,912,914,925,944
"lacu:Caerphilly","W06000018",2730,2800,2948,2981,3064
"lacu:Blaenau Gwent","W06000019",905,946,951,983,997
"lacu:Torfaen","W06000020",1383,1481,1526,1556,1582
"lacu:Monmouthshire","W06000021",1877,1968,2095,2056,2117
"lacu:Newport","W06000022",2412,2561,2598,2671,2739
"lacu:Aberdeen City","S12000033",4581,4599,4771,4634,4667
"lacu:Aberdeenshire","S12000034",5493,5721,5863,5736,5872
"lacu:Angus","S12000041",2166,2221,2259,2202,2252
"lacu:Argyll and Bute","S12000035",1524,1598,1690,1677,1732
"lacu:Clackmannanshire","S12000005",956,967,1024,990,1015
"lacu:Dumfries and Galloway","S12000006",2581,2617,2736,2735,2853
"lacu:Dundee City","S12000042",2216,2285,2442,2452,2484
"lacu:East Ayrshire","S12000008",1989,1999,2084,2072,2127
"lacu:East Dunbartonshire","S12000045",2453,2535,2535,2483,2553
"lacu:East Lothian","S12000010",2183,2250,2426,2427,2535
"lacu:East Renfrewshire","S12000011",2167,2228,2155,2146,2224
"lacu:City of Edinburgh","S12000036",11140,11688,12525,12325,12720
"lacu:Na h-Eileanan Siar","S12000013",444,468,494,484,495
"lacu:Falkirk","S12000014",2732,2855,2943,2891,2931
"lacu:Fife","S12000047",6309,6423,6633,6678,6857
"lacu:Glasgow City","S12000049",9749,9996,10493,10622,10934
"lacu:Highland","S12000017",4333,4466,4649,4596,4758
"lacu:Inverclyde","S12000018",1302,1338,1398,1367,1390
"lacu:Midlothian","S12000019",1660,1744,1768,1810,1882
"lacu:Moray","S12000020",1618,1679,1762,1747,1778
"lacu:North Ayrshire","S12000021",2146,2238,2283,2290,2326
"lacu:North Lanarkshire","S12000050",5528,5662,5832,5832,5942
"lacu:Orkney Islands","S12000023",389,403,418,421,440
"lacu:Perth and Kinross","S12000048",2926,3043,3181,3152,3247
"lacu:Renfrewshire","S12000038",3013,3120,3290,3294,3350
"lacu:Scottish Borders","S12000026",2155,2186,2303,2302,2396
"lacu:Shetland Islands","S12000027",452,453,477,472,483
"lacu:South Ayrshire","S12000028",2032,2073,2106,2091,2152
"lacu:South Lanarkshire","S12000029",5648,5872,6093,6154,6316
"lacu:Stirling","S12000030",1839,1876,1933,1889,1922
"lacu:West Dunbartonshire","S12000039",1371,1438,1488,1470,1490
"lacu:West Lothian","S12000040",3149,3262,3338,3357,3449
"lacu:Antrim and Newtownabbey","N09000001",2327,2388,2510,2511,2620
"lacu:Armagh City, Banbridge and Craigavon","N09000002",3303,3404,3561,3574,3773
"lacu:Belfast","N09000003",5309,5527,5746,5746,6040
"lacu:Causeway Coast and Glens","N09000004",2309,2354,2444,2393,2397
"lacu:Derry City and Strabane","N09000005",2164,2200,2326,2359,2500
"lacu:Fermanagh and Omagh","N09000006",1763,1800,1901,1907,2003
"lacu:Lisburn and Castlereagh","N09000007",2592,2704,2796,2773,2869
"lacu:Mid and East Antrim","N09000008",2338,2414,2473,2397,2472
"lacu:Mid Ulster","N09000009",2328,2411,2531,2508,2635
"lacu:Newry, Mourne and Down","N09000010",2742,2847,2982,2993,3150
"lacu:Ards and North Down","N09000011",2782,2861,3006,2996,3130
"ladu:Darlington","E06000005",1766,1802,1858,1934,1989
"ladu:County Durham","E06000047",8108,8381,8667,8724,8982
"ladu:Hartlepool","E06000001",1410,1480,1490,1516,1568
"ladu:Middlesbrough","E06000002",2074,2153,2225,2261,2332
"ladu:Northumberland","E06000057",5991,6146,6359,6342,6553
"ladu:Redcar and Cleveland","E06000003",2124,2203,2263,2271,2340
"ladu:Stockton-on-Tees","E06000004",3179,3234,3401,3431,3534
"ladu:Gateshead","E08000037",3007,3144,3252,3247,3302
"ladu:Newcastle upon Tyne","E08000021",4559,4757,5018,4997,5199
"ladu:North Tyneside","E08000022",3384,3523,3700,3839,3915
"ladu:South Tyneside","E08000023",2321,2351,2399,2437,2501
"ladu:Sunderland","E08000024",4215,4273,4399,4399,4535
"ladu:Blackburn with Darwen","E06000008",1949,2043,2158,2243,2328
"ladu:Blackpool","E06000009",2186,2226,2311,2313,2356
"ladu:Cheshire East","E06000049",8609,9118,9536,9475,9887
"ladu:Cheshire West and Chester","E06000050",6889,7189,7459,7395,7633
"ladu:Halton","E06000006",2105,2212,2264,2304,2342
"ladu:Warrington","E06000007",3996,4176,4347,4321,4426
"ladu:Allerdale","E07000026",1736,1789,1824,1809,1855
"ladu:Barrow-in-Furness","E07000027",1118,1147,1194,1221,1262
"ladu:Carlisle","E07000028",1783,1842,1883,1923,1954
"ladu:Copeland","E07000029",1207,1199,1245,1267,1293
"ladu:Eden","E07000030",1047,1089,1126,1114,1146
"ladu:South Lakeland","E07000031",2403,2454,2568,2445,2545
"ladu:Bolton","E08000001",4532,4661,4833,4853,5023
"ladu:Bury","E08000002",3381,3510,3628,3655,3780
"ladu:Manchester","E08000003",7884,8293,8669,8909,9289
"ladu:Oldham","E08000004",3314,3525,3695,3717,3804
"ladu:Rochdale","E08000005",3217,3306,3501,3554,3652
"ladu:Salford","E08000006",4286,4298,4576,4680,4904
"ladu:Stockport","E08000007",5763,6037,6307,6278,6480
"ladu:Tameside","E08000008",3487,3605,3750,3781,3852
"ladu:Trafford","E08000009",5012,5420,5623,5557,5738
"ladu:Wigan","E08000010",5073,5251,5470,5556,5679
"ladu:Burnley","E07000117",1254,1314,1374,1404,1437
"ladu:Chorley","E07000118",2056,2108,2241,2278,2340
"ladu:Fylde","E07000119",1663,1750,1817,1777,1843
"ladu:Hyndburn","E07000120",1160,1190,1258,1259,1278
"ladu:Lancaster","E07000121",2261,2349,2370,2441,2513
"ladu:Pendle","E07000122",1411,1410,1469,1470,1517
"ladu:Preston","E07000123",2173,2191,2322,2430,2524
"ladu:Ribble Valley","E07000124",1421,1494,1537,1463,1531
"ladu:Rossendale","E07000125",1198,1238,1252,1262,1301
"ladu:South Ribble","E07000126",1901,1977,2069,2111,2160
"ladu:West Lancashire","E07000127",2112,2214,2321,2321,2416
"ladu:Wyre","E07000128",1959,2024,2175,2165,2247
"ladu:Knowsley","E08000011",2311,2365,2538,2599,2675
"ladu:Liverpool","E08000012",7308,7543,7770,7947,8225
"ladu:Sefton","E08000014",4930,5037,5165,5226,5346
"ladu:St. Helens","E08000013",2845,2958,3145,3151,3226
"ladu:Wirral","E08000015",5646,5850,6074,6022,6206
"ladu:East Riding of Yorkshire","E06000011",6234,6552,6771,6774,7010
"ladu:Kingston upon Hull, City of","E06000010",3584,3732,3835,3921,4007
"ladu:North East Lincolnshire","E06000012",2514,2569,2668,2709,2777
"ladu:North Lincolnshire","E06000013",2657,2790,2872,2874,2953
"ladu:York","E06000014",3805,4021,4164,4109,4212
"ladu:Craven","E07000163",1112,1136,1183,1205,1233
"ladu:Hambleton","E07000164",1912,2021,2078,2083,2161
"ladu:Harrogate","E07000165",3970,4202,4356,4126,4336
"ladu:Richmondshire","E07000166",960,1026,1034,1014,1061
"ladu:Ryedale","E07000167",1107,1122,1169,1159,1190
"ladu:Scarborough","E07000168",1898,1967,2007,2032,2092
"ladu:Selby","E07000169",1628,1736,1861,1868,1933
"ladu:Barnsley","E08000016",3764,3936,4166,4253,4360
"ladu:Doncaster","E08000017",4925,5116,5157,5231,5370
"ladu:Rotherham","E08000018",4183,4264,4419,4433,4574
"ladu:Sheffield","E08000019",8623,9031,9273,9288,9549
"ladu:Bradford","E08000032",7748,7948,8259,8376,8590
"ladu:Calderdale","E08000033",3541,3637,3764,3722,3793
"ladu:Kirklees","E08000034",6807,7135,7441,7443,7656
"ladu:Leeds","E08000035",13474,14164,14809,14908,15421
"ladu:Wakefield","E08000036",5571,5780,5965,6119,6378
"ladu:Derby","E06000015",3949,4110,4279,4285,4370
"ladu:Leicester","E06000016",4642,4761,4926,5135,5346
"ladu:Nottingham","E06000018",4215,4343,4549,4652,4798
"ladu:Rutland","E06000017",878,947,1010,981,1013
"ladu:Amber Valley","E07000032",2211,2283,2386,2434,2524
"ladu:Bolsover","E07000033",1138,1173,1233,1307,1349
"ladu:Chesterfield","E07000034",1582,1635,1757,1803,1845
"ladu:Derbyshire Dales","E07000035",1716,1795,1826,1702,1787
"ladu:Erewash","E07000036",1877,1962,2021,2042,2094
"ladu:High Peak","E07000037",1742,1744,1793,1808,1872
"ladu:North East Derbyshire","E07000038",1750,1857,1899,1924,2004
"ladu:South Derbyshire","E07000039",1858,1959,2084,2115,2205
"ladu:Blaby","E07000129",1681,1759,1863,1905,1958
"ladu:Charnwood","E07000130",3036,3132,3388,3326,3445
"ladu:Harborough","E07000131",2183,2217,2318,2278,2389
"ladu:Hinckley and Bosworth","E07000132",2041,2140,2171,2214,2279
"ladu:Melton","E07000133",1012,1064,1083,1089,1131
"ladu:North West Leicestershire","E07000134",1816,1868,1979,2072,2141
"ladu:Oadby and Wigston","E07000135",967,1000,1057,1073,1114
"ladu:Boston","E07000136",1117,1139,1212,1187,1226
"ladu:East Lindsey","E07000137",2347,2467,2569,2541,2653
"ladu:Lincoln","E07000138",1433,1498,1554,1590,1606
"ladu:North Kesteven","E07000139",2062,2138,2209,2238,2298
"ladu:South Holland","E07000140",1579,1615,1641,1660,1732
"ladu:South Kesteven","E07000141",2708,2887,3046,3038,3144
"ladu:West Lindsey","E07000142",1704,1729,1806,1852,1926
"ladu:Ashfield","E07000170",1857,1945,2021,2046,2099
"ladu:Bassetlaw","E07000171",1978,2061,2155,2168,2241
"ladu:Broxtowe","E07000172",1912,1951,2011,2068,2131
"ladu:Gedling","E07000173",2083,2122,2223,2218,2285
"ladu:Mansfield","E07000174",1678,1747,1803,1866,1908
"ladu:Newark and Sherwood","E07000175",2236,2365,2463,2411,2521
"ladu:Rushcliffe","E07000176",2531,2649,2739,2742,2846
"ladu:North Northamptonshire","E06000061",6321,6507,6751,6865,7096
"ladu:West Northamptonshire","E06000062",8171,8603,8887,8863,9130
"ladu:Herefordshire, County of","E06000019",3587,3739,3907,3921,4052
"ladu:Shropshire","E06000051",6007,6302,6525,6474,6723
"ladu:Stoke-on-Trent","E06000021",3621,3806,3906,3909,3992
"ladu:Telford and Wrekin","E06000020",2849,2965,3087,3146,3292
"ladu:Cannock Chase","E07000192",1575,1643,1692,1749,1798
"ladu:East Staffordshire","E07000193",2066,2238,2275,2258,2335
"ladu:Lichfield","E07000194",2222,2371,2390,2360,2470
"ladu:Newcastle-under-Lyme","E07000195",2050,2121,2199,2206,2303
"ladu:South Staffordshire","E07000196",2181,2205,2351,2300,2407
"ladu:Stafford","E07000197",2558,2657,2813,2769,2864
"ladu:Staffordshire Moorlands","E07000198",1786,1831,1850,1875,1953
"ladu:Tamworth","E07000199",1204,1267,1333,1342,1366
"ladu:North Warwickshire","E07000218",1168,1172,1217,1218,1258
"ladu:Nuneaton and Bedworth","E07000219",2110,2162,2259,2301,2370
"ladu:Rugby","E07000220",2107,2122,2225,2227,2309
"ladu:Stratford-on-Avon","E07000221",3445,3492,3620,3470,3654
"ladu:Warwick","E07000222",3360,3605,3626,3609,3731
"ladu:Birmingham","E08000025",16413,16981,17596,17879,18489
"ladu:Coventry","E08000026",5284,5504,5651,5728,5897
"ladu:Dudley","E08000027",4965,5123,5278,5322,5466
"ladu:Sandwell","E08000028",4426,4578,4755,4831,4994
"ladu:Solihull","E08000029",4653,4844,5001,4844,4980
"ladu:Walsall","E08000030",4119,4295,4391,4432,4579
"ladu:Wolverhampton","E08000031",3750,3897,4033,4113,4227
"ladu:Bromsgrove","E07000234",2225,2290,2313,2299,2369
"ladu:Malvern Hills","E07000235",1679,1772,1883,1843,1931
"ladu:Redditch","E07000236",1521,1599,1659,1693,1686
"ladu:Worcester","E07000237",1712,1768,1836,1835,1885
"ladu:Wychavon","E07000238",2707,2930,3017,3015,3159
"ladu:Wyre Forest","E07000239",1766,1846,1923,1926,2010
"ladu:Bedford","E06000055",3488,3662,3802,3793,3962
"ladu:Central Bedfordshire","E06000056",5858,6115,6387,6345,6652
"ladu:Luton","E06000032",3477,3538,3650,3756,3870
"ladu:Peterborough","E06000031",3395,3513,3672,3713,3860
"ladu:Southend-on-Sea","E06000033",3543,3691,3826,3795,3950
"ladu:Thurrock","E06000034",3107,3300,3441,3460,3598
"ladu:Cambridge","E07000008",2947,3069,3299,3181,3287
"ladu:East Cambridgeshire","E07000009",1827,1916,1979,1947,2047
"ladu:Fenland","E07000010",1712,1740,1826,1853,1932
"ladu:Huntingdonshire","E07000011",3486,3660,3825,3795,3924
"ladu:South Cambridgeshire","E07000012",3978,4167,4267,4183,4406
"ladu:Basildon","E07000066",3538,3735,3907,3878,3990
"ladu:Braintree","E07000067",3003,3175,3318,3282,3419
"ladu:Brentwood","E07000068",2189,2309,2331,2262,2378
"ladu:Castle Point","E07000069",1799,1909,1962,1925,1983
"ladu:Chelmsford","E07000070",3876,4072,4338,4280,4446
"ladu:Colchester","E07000071",3548,3705,3869,3829,4011
"ladu:Epping Forest","E07000072",3695,3939,4011,3888,4134
"ladu:Harlow","E07000073",1456,1519,1646,1684,1732
"ladu:Maldon","E07000074",1402,1438,1433,1468,1541
"ladu:Rochford","E07000075",1812,1902,1955,1913,1986
"ladu:Tendring","E07000076",2636,2729,2809,2826,2966
"ladu:Uttlesford","E07000077",2222,2415,2519,2450,2548
"ladu:Broxbourne","E07000095",2064,2121,2214,2143,2210
"ladu:Dacorum","E07000096",3750,3932,3915,3888,4062
"ladu:East Hertfordshire","E07000242",3768,3982,4119,4045,4197
"ladu:Hertsmere","E07000098",2994,3142,3197,3133,3330
"ladu:North Hertfordshire","E07000099",3192,3312,3342,3280,3416
"ladu:St Albans","E07000240",4439,4705,4887,4647,4890
"ladu:Stevenage","E07000243",1597,1646,1724,1735,1786
"ladu:Three Rivers","E07000102",2649,2671,2806,2681,2814
"ladu:Watford","E07000103",2125,2188,2245,2237,2313
"ladu:Welwyn Hatfield","E07000241",2588,2635,2770,2682,2794
"ladu:Breckland","E07000143",2345,2452,2541,2590,2708
"ladu:Broadland","E07000144",2557,2631,2711,2687,2820
"ladu:Great Yarmouth","E07000145",1485,1577,1610,1679,1736
"ladu:King's Lynn and West Norfolk","E07000146",2633,2721,2862,2905,2991
"ladu:North Norfolk","E07000147",1959,2078,2184,2053,2127
"ladu:Norwich","E07000148",2163,2230,2389,2366,2430
"ladu:South Norfolk","E07000149",2603,2703,2869,2859,3003
"ladu:Babergh","E07000200",1876,1965,2019,1990,2082
"ladu:Ipswich","E07000202",2196,2218,2306,2435,2445
"ladu:Mid Suffolk","E07000203",1972,2067,2152,2104,2199
"ladu:East Suffolk","E07000244",4849,5069,5040,4997,5200
"ladu:West Suffolk","E07000245",3240,3392,3608,3466,3625
"ladu:Camden","E09000007",10467,11442,12017,11568,12330
"ladu:City of London","E09000001",1669,1830,1809,1592,1655
"ladu:Hackney","E09000012",6524,6946,7298,7349,7709
"ladu:Hammersmith and Fulham","E09000013",7469,7766,7854,7628,8072
"ladu:Haringey","E09000014",7552,7901,8194,8014,8419
"ladu:Islington","E09000019",7172,7646,8046,7850,8112
"ladu:Kensington and Chelsea","E09000020",12418,13158,13023,12257,13087
"ladu:Lambeth","E09000022",8872,9507,9877,9725,10012
"ladu:Lewisham","E09000023",6632,6987,7395,7433,7763
"ladu:Newham","E09000025",6415,6902,7299,7435,7790
"ladu:Southwark","E09000028",8121,8773,9031,9067,9514
"ladu:Tower Hamlets","E09000030",7826,8369,8813,8771,9279
"ladu:Wandsworth","E09000032",12124,12876,13386,13018,13655
"ladu:Westminster","E09000033",13190,13866,14051,13246,13821
"ladu:Barking and Dagenham","E09000002",3458,3692,3857,4015,4079
"ladu:Barnet","E09000003",10979,11681,12001,11835,12299
"ladu:Bexley","E09000004",5131,5358,5572,5539,5676
"ladu:Brent","E09000005",7921,8444,8653,8501,8758
"ladu:Bromley","E09000006",8669,9193,9454,9280,9575
"ladu:Croydon","E09000008",8327,8871,9217,9277,9498
"ladu:Ealing","E09000009",8936,9243,9471,9550,9766
"ladu:Enfield","E09000010",7174,7515,7834,7847,8107
"ladu:Greenwich","E09000011",6220,6571,6920,6966,7155
"ladu:Harrow","E09000015",6585,6944,7030,6858,7186
"ladu:Havering","E09000016",5586,5904,6063,6017,6211
"ladu:Hillingdon","E09000017",6291,6593,6866,6830,7008
"ladu:Hounslow","E09000018",6372,6772,7104,7078,7249
"ladu:Kingston upon Thames","E09000021",4444,4824,4910,4901,5026
"ladu:Merton","E09000024",6097,6443,6771,6611,6908
"ladu:Redbridge","E09000026",6621,7110,7274,7243,7569
"ladu:Richmond upon Thames","E09000027",7481,8089,8366,8003,8310
"ladu:Sutton","E09000029",4578,4878,5053,4941,5118
"ladu:Waltham Forest","E09000031",5995,6374,6643,6646,6806
"ladu:Bracknell Forest","E06000036",2591,2670,2815,2878,2973
"ladu:Brighton and Hove","E06000043",6287,6571,6765,6621,6862
"ladu:Isle of Wight","E06000046",2439,2553,2659,2667,2750
"ladu:Medway","E06000035",5082,5250,5452,5517,5704
"ladu:Milton Keynes","E06000042",5492,5763,5900,5970,6170
"ladu:Portsmouth","E06000044",3422,3549,3693,3759,3842
"ladu:Reading","E06000038",3490,3581,3856,3807,3885
"ladu:Slough","E06000039",2655,2768,2919,2952,3024
"ladu:Southampton","E06000045",4116,4275,4420,4411,4475
"ladu:West Berkshire","E06000037",3960,4055,4291,4184,4334
"ladu:Windsor and Maidenhead","E06000040",4598,4704,4979,4874,5040
"ladu:Wokingham","E06000041",4333,4699,4802,4755,4954
"ladu:Buckinghamshire","E06000060",14420,14933,15507,15062,15791
"ladu:Eastbourne","E07000061",1995,2006,2041,2064,2129
"ladu:Hastings","E07000062",1496,1579,1626,1654,1714
"ladu:Lewes","E07000063",2280,2341,2482,2367,2465
"ladu:Rother","E07000064",2055,2130,2126,2144,2245
"ladu:Wealden","E07000065",3806,3881,4034,3940,4143
"ladu:Basingstoke and Deane","E07000084",4174,4351,4448,4374,4539
"ladu:East Hampshire","E07000085",3091,3201,3328,3226,3350
"ladu:Eastleigh","E07000086",2669,2806,2915,2882,2957
"ladu:Fareham","E07000087",2413,2493,2629,2524,2585
"ladu:Gosport","E07000088",1450,1488,1540,1545,1564
"ladu:Hart","E07000089",2573,2690,2796,2761,2865
"ladu:Havant","E07000090",2431,2488,2544,2561,2614
"ladu:New Forest","E07000091",4135,4234,4406,4307,4451
"ladu:Rushmoor","E07000092",1829,1886,1977,1989,2030
"ladu:Test Valley","E07000093",2849,3030,3102,3073,3205
"ladu:Winchester","E07000094",3138,3339,3511,3416,3584
"ladu:Ashford","E07000105",2631,2709,2808,2859,2990
"ladu:Canterbury","E07000106",2886,2984,3100,3130,3267
"ladu:Dartford","E07000107",2194,2311,2399,2425,2539
"ladu:Dover","E07000108",2132,2223,2312,2300,2381
"ladu:Gravesham","E07000109",2032,2084,2226,2224,2301
"ladu:Maidstone","E07000110",3525,3717,3862,3817,3991
"ladu:Sevenoaks","E07000111",3578,3660,3719,3621,3781
"ladu:Folkestone and Hythe","E07000112",2194,2242,2297,2329,2433
"ladu:Swale","E07000113",2723,2870,2993,2960,3091
"ladu:Thanet","E07000114",2468,2557,2642,2718,2835
"ladu:Tonbridge and Malling","E07000115",2923,3089,3215,3184,3298
"ladu:Tunbridge Wells","E07000116",3002,3231,3357,3230,3365
"ladu:Cherwell","E07000177",3234,3401,3619,3583,3720
"ladu:Oxford","E07000178",3196,3299,3498,3422,3493
"ladu:South Oxfordshire","E07000179",3897,4007,4296,4234,4423
"ladu:Vale of White Horse","E07000180",3109,3242,3409,3458,3590
"ladu:West Oxfordshire","E07000181",2764,2944,2963,2869,2990
"ladu:Elmbridge","E07000207",5130,5335,5632,5373,5750
"ladu:Epsom and Ewell","E07000208",2144,2200,2234,2174,2259
"ladu:Guildford","E07000209",4028,4207,4348,4183,4429
"ladu:Mole Valley","E07000210",2718,2831,2896,2849,2941
"ladu:Reigate and Banstead","E07000211",3881,4017,4234,4132,4332
"ladu:Runnymede","E07000212",2099,2252,2320,2306,2413
"ladu:Spelthorne","E07000213",2325,2456,2534,2545,2615
"ladu:Surrey Heath","E07000214",2399,2510,2623,2526,2604
"ladu:Tandridge","E07000215",2386,2528,2619,2508,2618
"ladu:Waverley","E07000216",3834,4095,4146,4062,4304
"ladu:Woking","E07000217",2798,2878,2920,2808,2918
"ladu:Adur","E07000223",1197,1232,1282,1279,1328
"ladu:Arun","E07000224",3323,3451,3470,3464,3610
"ladu:Chichester","E07000225",3076,3178,3299,3182,3323
"ladu:Crawley","E07000226",2072,2227,2301,2225,2244
"ladu:Horsham","E07000227",3627,3826,3945,3879,4017
"ladu:Mid Sussex","E07000228",3636,3771,3973,3903,3974
"ladu:Worthing","E07000229",2159,2293,2347,2352,2431
"ladu:Bath and North East Somerset","E06000022",4034,4240,4446,4265,4445
"ladu:Bristol, City of","E06000023",8669,9075,9611,9549,9933
"ladu:Cornwall","E06000052",9879,10173,10668,10799,11303
"ladu:Isles of Scilly","E06000053",49,48,51,52,52
"ladu:North Somerset","E06000024",4496,4653,4896,4851,5030
"ladu:Plymouth","E06000026",4215,4347,4520,4525,4625
"ladu:South Gloucestershire","E06000025",5583,6039,6125,6040,6263
"ladu:Swindon","E06000030",4126,4316,4513,4497,4631
"ladu:Torbay","E06000027",2362,2437,2521,2556,2685
"ladu:Wiltshire","E06000054",10301,10888,11423,11224,11626
"ladu:East Devon","E07000040",2896,3064,3238,3151,3315
"ladu:Exeter","E07000041",2073,2205,2295,2304,2371
"ladu:Mid Devon","E07000042",1494,1594,1651,1685,1766
"ladu:North Devon","E07000043",1753,1786,1903,1892,2011
"ladu:South Hams","E07000044",1980,2070,2160,2103,2228
"ladu:Teignbridge","E07000045",2495,2633,2752,2759,2880
"ladu:Torridge","E07000046",1132,1190,1218,1242,1299
"ladu:West Devon","E07000047",1124,1159,1179,1143,1194
"ladu:Bournemouth, Christchurch and Poole","E06000058",7822,8163,8537,8360,8703
"ladu:Dorset","E06000059",7657,8008,8360,8219,8525
"ladu:Cheltenham","E07000078",2446,2563,2673,2614,2721
"ladu:Cotswold","E07000079",2504,2652,2797,2633,2783
"ladu:Forest of Dean","E07000080",1467,1556,1615,1632,1686
"ladu:Gloucester","E07000081",2098,2129,2248,2290,2330
"ladu:Stroud","E07000082",2545,2695,2794,2691,2828
"ladu:Tewkesbury","E07000083",1825,1894,1968,1990,2071
"ladu:Mendip","E07000187",2300,2463,2506,2483,2592
"ladu:Sedgemoor","E07000188",2178,2326,2473,2458,2579
"ladu:South Somerset","E07000189",3270,3297,3463,3396,3564
"ladu:Somerset West and Taunton","E07000246",2759,2898,3065,3058,3193
"ladu:Isle of Anglesey","W06000001",1144,1179,1196,1208,1244
"ladu:Gwynedd","W06000002",1857,1905,1956,1973,2041
"ladu:Conwy","W06000003",1949,2037,2101,2107,2179
"ladu:Denbighshire","W06000004",1589,1653,1646,1665,1708
"ladu:Flintshire","W06000005",2703,2843,2909,2936,2979
"ladu:Wrexham","W06000006",2310,2312,2334,2349,2387
"ladu:Powys","W06000023",2251,2337,2424,2443,2553
"ladu:Ceredigion","W06000008",1112,1160,1196,1203,1259
"ladu:Pembrokeshire","W06000009",2018,2096,2153,2166,2240
"ladu:Carmarthenshire","W06000010",2935,3057,3146,3181,3278
"ladu:Swansea","W06000011",3724,3873,4001,4110,4227
"ladu:Neath Port Talbot","W06000012",2233,2246,2366,2402,2438
"ladu:Bridgend","W06000013",2226,2372,2417,2481,2504
"ladu:Vale of Glamorgan","W06000014",2467,2647,2757,2799,2906
"ladu:Cardiff","W06000015",5846,6131,6278,6458,6664
"ladu:Rhondda Cynon Taff","W06000016",3509,3665,3804,3862,3965
"ladu:Merthyr Tydfil","W06000024",881,912,914,925,944
"ladu:Caerphilly","W06000018",2730,2800,2948,2981,3064
"ladu:Blaenau Gwent","W06000019",905,946,951,983,997
"ladu:Torfaen","W06000020",1383,1481,1526,1556,1582
"ladu:Monmouthshire","W06000021",1877,1968,2095,2056,2117
"ladu:Newport","W06000022",2412,2561,2598,2671,2739
"ladu:Aberdeen City","S12000033",4581,4599,4771,4634,4667
"ladu:Aberdeenshire","S12000034",5493,5721,5863,5736,5872
"ladu:Angus","S12000041",2166,2221,2259,2202,2252
"ladu:Argyll and Bute","S12000035",1524,1598,1690,1677,1732
"ladu:Clackmannanshire","S12000005",956,967,1024,990,1015
"ladu:Dumfries and Galloway","S12000006",2581,2617,2736,2735,2853
"ladu:Dundee City","S12000042",2216,2285,2442,2452,2484
"ladu:East Ayrshire","S12000008",1989,1999,2084,2072,2127
"ladu:East Dunbartonshire","S12000045",2453,2535,2535,2483,2553
"ladu:East Lothian","S12000010",2183,2250,2426,2427,2535
"ladu:East Renfrewshire","S12000011",2167,2228,2155,2146,2224
"ladu:City of Edinburgh","S12000036",11140,11688,12525,12325,12720
"ladu:Na h-Eileanan Siar","S12000013",444,468,494,484,495
"ladu:Falkirk","S12000014",2732,2855,2943,2891,2931
"ladu:Fife","S12000047",6309,6423,6633,6678,6857
"ladu:Glasgow City","S12000049",9749,9996,10493,10622,10934
"ladu:Highland","S12000017",4333,4466,4649,4596,4758
"ladu:Inverclyde","S12000018",1302,1338,1398,1367,1390
"ladu:Midlothian","S12000019",1660,1744,1768,1810,1882
"ladu:Moray","S12000020",1618,1679,1762,1747,1778
"ladu:North Ayrshire","S12000021",2146,2238,2283,2290,2326
"ladu:North Lanarkshire","S12000050",5528,5662,5832,5832,5942
"ladu:Orkney Islands","S12000023",389,403,418,421,440
"ladu:Perth and Kinross","S12000048",2926,3043,3181,3152,3247
"ladu:Renfrewshire","S12000038",3013,3120,3290,3294,3350
"ladu:Scottish Borders","S12000026",2155,2186,2303,2302,2396
"ladu:Shetland Islands","S12000027",452,453,477,472,483
"ladu:South Ayrshire","S12000028",2032,2073,2106,2091,2152
"ladu:South Lanarkshire","S12000029",5648,5872,6093,6154,6316
"ladu:Stirling","S12000030",1839,1876,1933,1889,1922
"ladu:West Dunbartonshire","S12000039",1371,1438,1488,1470,1490
"ladu:West Lothian","S12000040",3149,3262,3338,3357,3449
"ladu:Antrim and Newtownabbey","N09000001",2327,2388,2510,2511,2620
"ladu:Armagh City, Banbridge and Craigavon","N09000002",3303,3404,3561,3574,3773
"ladu:Belfast","N09000003",5309,5527,5746,5746,6040
"ladu:Causeway Coast and Glens","N09000004",2309,2354,2444,2393,2397
"ladu:Derry City and Strabane","N09000005",2164,2200,2326,2359,2500
"ladu:Fermanagh and Omagh","N09000006",1763,1800,1901,1907,2003
"ladu:Lisburn and Castlereagh","N09000007",2592,2704,2796,2773,2869
"ladu:Mid and East Antrim","N09000008",2338,2414,2473,2397,2472
"ladu:Mid Ulster","N09000009",2328,2411,2531,2508,2635
"ladu:Newry, Mourne and Down","N09000010",2742,2847,2982,2993,3150
"ladu:Ards and North Down","N09000011",2782,2861,3006,2996,3130



"","Column totals may not sum due to rounding."
"",""

"","Growth in per head estimates between 2020 and 2021 are unreliable"
"","because of a discontinuity in population data for some areas,"
"","caused by differences in the timing of census updates."
"",""

"","There may be discrepancies in these estimates compared to other published"
"","estimates due to rounding."
"",""







"Regional gross disposable household income (GDHI) at current basic prices"
"ONS Crown Copyright Reserved [from Nomis on 13 December 2024]"
"Analysis   :","standard"
"Component of GDHI:","Gross Disposable Household Income (GDHI)"
"Measure    :","GDHI per head (£)"

"Area","mnemonic","2017","2018","2019","2020","2021"

"country:United Kingdom","K02000001",19694,20445,21104,20907,21679
"country:Great Britain","K03000001",19802,20562,21222,21021,21797
"country:England","E92000001",20179,20971,21644,21414,22213
"country:Wales","W92000004",16018,16624,17037,17200,18038
"country:Scotland","S92000003",18110,18628,19291,19173,19630
"country:Northern Ireland","N92000002",16012,16427,17045,16965,17636
"country:England and Wales","K04000001",19958,20740,21400,21191,21996
"gor:North East","E12000001",15933,16346,16866,16935,17663
"gor:North West","E12000002",17164,17746,18371,18418,18864
"gor:Yorkshire and The Humber","E12000003",16517,17134,17673,17669,18363
"gor:East Midlands","E12000004",17187,17729,18345,18394,18956
"gor:West Midlands","E12000005",16912,17476,17966,17929,18566
"gor:East","E12000006",20595,21392,22062,21711,22337
"gor:London","E12000007",27572,29015,29809,29202,31094
"gor:South East","E12000008",22750,23558,24335,23911,24623
"gor:South West","E12000009",19343,20101,20920,20579,21221
"gor:Wales","W92000004",16018,16624,17037,17200,18038
"gor:Scotland","S92000003",18110,18628,19291,19173,19630
"gor:Northern Ireland","N92000002",16012,16427,17045,16965,17636
"lacu:Darlington","E06000005",16609,16910,17392,18004,18376
"lacu:County Durham","E06000047",15484,15903,16350,16362,17228
"lacu:Hartlepool","E06000001",15154,15870,15912,16153,16934
"lacu:Middlesbrough","E06000002",14747,15318,15783,16005,16222
"lacu:Northumberland","E06000057",18778,19191,19721,19586,20380
"lacu:Redcar and Cleveland","E06000003",15619,16111,16501,16549,17128
"lacu:Stockton-on-Tees","E06000004",16180,16399,17235,17382,17935
"lacu:Gateshead","E08000037",14857,15527,16095,16078,16833
"lacu:Newcastle upon Tyne","E08000021",15411,15848,16572,16286,17431
"lacu:North Tyneside","E08000022",16550,17104,17798,18382,18717
"lacu:South Tyneside","E08000023",15521,15647,15890,16123,16910
"lacu:Sunderland","E08000024",15204,15402,15840,15831,16538
"lacu:Blackburn with Darwen","E06000008",13102,13719,14417,14948,15025
"lacu:Blackpool","E06000009",15630,15976,16571,16713,16717
"lacu:Cheshire East","E06000049",22725,23946,24824,24503,24684
"lacu:Cheshire West and Chester","E06000050",20382,21114,21741,21509,21340
"lacu:Halton","E06000006",16501,17220,17493,17759,18216
"lacu:Warrington","E06000007",19057,19927,20699,20633,20952
"lacu:Cumbria","E10000006",18650,19081,19679,19568,20079
"lacu:Bolton","E08000001",15910,16332,16807,16835,16967
"lacu:Bury","E08000002",17828,18463,18993,19167,19505
"lacu:Manchester","E08000003",14452,15143,15681,16031,16894
"lacu:Oldham","E08000004",14175,14960,15582,15641,15714
"lacu:Rochdale","E08000005",14725,15027,15741,15891,16297
"lacu:Salford","E08000006",17053,16896,17681,17815,18113
"lacu:Stockport","E08000007",19802,20691,21496,21338,21949
"lacu:Tameside","E08000008",15558,16010,16558,16646,16659
"lacu:Trafford","E08000009",21281,22929,23692,23390,24360
"lacu:Wigan","E08000010",15626,16102,16642,16800,17223
"lacu:Lancashire","E10000017",17114,17569,18205,18240,18695
"lacu:Knowsley","E08000011",15558,15815,16820,17050,17262
"lacu:Liverpool","E08000012",14868,15244,15600,15878,16976
"lacu:Sefton","E08000014",17955,18290,18686,18943,19113
"lacu:St. Helens","E08000013",15862,16432,17416,17400,17590
"lacu:Wirral","E08000015",17492,18097,18747,18567,19359
"lacu:East Riding of Yorkshire","E06000011",18441,19292,19846,19737,20430
"lacu:Kingston upon Hull, City of","E06000010",13751,14316,14761,15130,15038
"lacu:North East Lincolnshire","E06000012",15730,16075,16722,17001,17667
"lacu:North Lincolnshire","E06000013",15513,16218,16667,16637,17374
"lacu:York","E06000014",18278,19157,19772,19474,20884
"lacu:North Yorkshire","E10000023",20580,21496,22148,21732,22634
"lacu:Barnsley","E08000016",15469,16054,16876,17144,17805
"lacu:Doncaster","E08000017",15941,16474,16535,16724,17397
"lacu:Rotherham","E08000018",15884,16110,16651,16729,17182
"lacu:Sheffield","E08000019",14924,15504,15856,15764,17224
"lacu:Bradford","E08000032",14487,14797,15300,15451,15704
"lacu:Calderdale","E08000033",16905,17312,17803,17604,18340
"lacu:Kirklees","E08000034",15571,16264,16918,16865,17668
"lacu:Leeds","E08000035",17168,17948,18672,18663,19061
"lacu:Wakefield","E08000036",16349,16753,17126,17403,18026
"lacu:Derby","E06000015",15362,15983,16630,16685,16736
"lacu:Leicester","E06000016",13130,13403,13908,14503,14605
"lacu:Nottingham","E06000018",12804,13118,13666,13800,15015
"lacu:Rutland","E06000017",22241,23860,25284,24228,24489
"lacu:Derbyshire","E10000007",17518,18097,18686,18751,19677
"lacu:Leicestershire","E10000018",18451,18875,19625,19573,20288
"lacu:Lincolnshire","E10000019",17240,17824,18441,18406,18955
"lacu:Nottinghamshire","E10000024",17453,18029,18613,18622,19401
"lacu:North Northamptonshire","E06000061",18492,18835,19387,19588,19690
"lacu:West Northamptonshire","E06000062",20461,21394,21940,21790,21408
"lacu:Herefordshire, County of","E06000019",18775,19465,20264,20249,21602
"lacu:Shropshire","E06000051",18922,19678,20193,19894,20704
"lacu:Stoke-on-Trent","E06000021",14179,14876,15237,15232,15470
"lacu:Telford and Wrekin","E06000020",16208,16677,17163,17352,17711
"lacu:Staffordshire","E10000028",17961,18661,19217,19090,19932
"lacu:Warwickshire","E10000031",21591,21983,22403,21966,22235
"lacu:Birmingham","E08000025",14434,14877,15410,15676,16183
"lacu:Coventry","E08000026",14672,15007,15211,15097,17175
"lacu:Dudley","E08000027",15543,15978,16411,16510,16893
"lacu:Sandwell","E08000028",13599,13983,14477,14682,14614
"lacu:Solihull","E08000029",21748,22541,23114,22271,22984
"lacu:Walsall","E08000030",14644,15155,15382,15459,16106
"lacu:Wolverhampton","E08000031",14426,14872,15314,15557,16008
"lacu:Worcestershire","E10000034",19732,20613,21201,21085,21556
"lacu:Bedford","E06000055",20528,21340,21938,21713,21328
"lacu:Central Bedfordshire","E06000056",20919,21561,22126,21573,22509
"lacu:Luton","E06000032",16199,16526,17133,17592,17211
"lacu:Peterborough","E06000031",17066,17475,18156,18325,17841
"lacu:Southend-on-Sea","E06000033",19485,20229,20894,20763,21874
"lacu:Thurrock","E06000034",18235,19129,19737,19710,20455
"lacu:Cambridgeshire","E10000003",21519,22336,23251,22762,22920
"lacu:Essex","E10000012",21236,22226,22896,22491,23325
"lacu:Hertfordshire","E10000015",24698,25612,26244,25484,26496
"lacu:Norfolk","E10000020",17526,18140,18911,18750,19399
"lacu:Suffolk","E10000029",18671,19393,19866,19694,20371
"lacu:Camden","E09000007",41311,43635,44503,41386,58604
"lacu:City of London","E09000001",218109,210153,186102,145571,192005
"lacu:Hackney","E09000012",23645,24836,25960,26160,29655
"lacu:Hammersmith and Fulham","E09000013",40817,41880,42423,41560,44040
"lacu:Haringey","E09000014",27846,29194,30502,30087,31874
"lacu:Islington","E09000019",30519,31973,33183,31638,37422
"lacu:Kensington and Chelsea","E09000020",79736,84239,83412,78140,90917
"lacu:Lambeth","E09000022",27379,29171,30296,30219,31534
"lacu:Lewisham","E09000023",22012,23020,24178,24344,25892
"lacu:Newham","E09000025",18435,19609,20670,20928,22217
"lacu:Southwark","E09000028",25844,27654,28324,28332,31054
"lacu:Tower Hamlets","E09000030",25413,26342,27137,26422,29716
"lacu:Wandsworth","E09000032",37506,39441,40603,39481,41584
"lacu:Westminster","E09000033",53883,54307,53770,49088,67389
"lacu:Barking and Dagenham","E09000002",16412,17418,18115,18751,18667
"lacu:Barnet","E09000003",28310,29789,30316,29661,31645
"lacu:Bexley","E09000004",20848,21668,22441,22219,23022
"lacu:Brent","E09000005",24069,25528,26239,25937,25842
"lacu:Bromley","E09000006",26318,27766,28448,27888,29032
"lacu:Croydon","E09000008",21637,23022,23833,23874,24323
"lacu:Ealing","E09000009",26073,27029,27708,28061,26673
"lacu:Enfield","E09000010",21562,22509,23471,23522,24595
"lacu:Greenwich","E09000011",21992,22962,24033,24100,24736
"lacu:Harrow","E09000015",26460,27758,27988,27176,27535
"lacu:Havering","E09000016",21817,22900,23359,23084,23702
"lacu:Hillingdon","E09000017",20808,21628,22374,22102,22994
"lacu:Hounslow","E09000018",23678,25010,26164,26043,25174
"lacu:Kingston upon Thames","E09000021",25453,27493,27663,27358,29942
"lacu:Merton","E09000024",29588,31247,32783,32020,32084
"lacu:Redbridge","E09000026",21941,23398,23832,23696,24430
"lacu:Richmond upon Thames","E09000027",38229,41082,42251,40390,42567
"lacu:Sutton","E09000029",22525,23848,24486,23787,24426
"lacu:Waltham Forest","E09000031",21761,23036,23983,23996,24476
"lacu:Bracknell Forest","E06000036",21523,21942,22974,23182,23748
"lacu:Brighton and Hove","E06000043",21820,22627,23257,22695,24834
"lacu:Isle of Wight","E06000046",17299,18035,18756,18745,19522
"lacu:Medway","E06000035",18304,18895,19573,19766,20384
"lacu:Milton Keynes","E06000042",20531,21454,21895,22096,21409
"lacu:Portsmouth","E06000044",15936,16496,17187,17511,18576
"lacu:Reading","E06000038",21401,21941,23833,23745,22434
"lacu:Slough","E06000039",17845,18562,19518,19738,19103
"lacu:Southampton","E06000045",16312,16910,17503,17444,18100
"lacu:West Berkshire","E06000037",24987,25582,27083,26405,26778
"lacu:Windsor and Maidenhead","E06000040",30622,31172,32882,32218,32742
"lacu:Wokingham","E06000041",26261,27976,28065,27334,27805
"lacu:Buckinghamshire","E06000060",26907,27650,28508,27533,28440
"lacu:East Sussex","E10000011",21062,21524,22088,21775,23215
"lacu:Hampshire","E10000014",22434,23255,24011,23509,23996
"lacu:Kent","E10000016",20768,21470,22086,21898,22978
"lacu:Oxfordshire","E10000025",23739,24572,25715,25205,25073
"lacu:Surrey","E10000030",28467,29673,30517,29558,30842
"lacu:West Sussex","E10000032",22398,23261,23863,23378,23645
"lacu:Bath and North East Somerset","E06000022",21383,22073,23003,21719,23101
"lacu:Bristol, City of","E06000023",18877,19583,20742,20497,21084
"lacu:Cornwall","E06000052",17599,17975,18730,18836,19760
"lacu:Isles of Scilly","E06000053",21592,21290,22715,23532,22827
"lacu:North Somerset","E06000024",21126,21752,22766,22502,23137
"lacu:Plymouth","E06000026",16021,16522,17247,17215,17472
"lacu:Bournemouth, Christchurch and Poole","E06000058",19771,20625,21593,21058,21751
"lacu:South Gloucestershire","E06000025",20010,21366,21485,20984,21542
"lacu:Swindon","E06000030",18726,19442,20312,20175,19815
"lacu:Torbay","E06000027",17461,17950,18498,18767,19254
"lacu:Wiltshire","E06000054",20765,21860,22844,22267,22645
"lacu:Devon","E10000008",18989,19744,20435,20080,20953
"lacu:Dorset","E06000059",20416,21271,22088,21640,22358
"lacu:Gloucestershire","E10000013",20511,21290,22127,21618,22299
"lacu:Somerset","E10000027",18923,19637,20466,20211,20812
"lacu:Isle of Anglesey","W06000001",16389,16854,17072,17154,18046
"lacu:Gwynedd","W06000002",15006,15343,15707,15763,17430
"lacu:Conwy","W06000003",16674,17383,17926,17829,18975
"lacu:Denbighshire","W06000004",16696,17340,17201,17228,17786
"lacu:Flintshire","W06000005",17419,18270,18635,18719,19212
"lacu:Wrexham","W06000006",17040,16983,17164,17268,17661
"lacu:Powys","W06000023",16984,17644,18303,18361,19113
"lacu:Ceredigion","W06000008",15213,15888,16448,16502,17824
"lacu:Pembrokeshire","W06000009",16184,16762,17111,17086,18109
"lacu:Carmarthenshire","W06000010",15742,16296,16665,16735,17419
"lacu:Swansea","W06000011",15169,15715,16197,16670,17772
"lacu:Neath Port Talbot","W06000012",15719,15714,16510,16638,17181
"lacu:Bridgend","W06000013",15430,16372,16439,16816,17177
"lacu:Vale of Glamorgan","W06000014",18876,20028,20640,20689,21923
"lacu:Cardiff","W06000015",16115,16831,17110,17491,18536
"lacu:Rhondda Cynon Taff","W06000016",14675,15262,15765,15968,16694
"lacu:Merthyr Tydfil","W06000024",14687,15146,15145,15304,16043
"lacu:Caerphilly","W06000018",15099,15466,16281,16405,17411
"lacu:Blaenau Gwent","W06000019",13002,13572,13612,14038,14884
"lacu:Torfaen","W06000020",14990,15917,16242,16413,17117
"lacu:Monmouthshire","W06000021",20059,20900,22151,21609,22720
"lacu:Newport","W06000022",15923,16703,16799,17070,17154
"lacu:Aberdeen City","S12000033",20021,20211,20865,20231,20520
"lacu:Aberdeenshire","S12000034",20982,21881,22445,21995,22354
"lacu:Angus","S12000041",18627,19140,19438,19009,19398
"lacu:Argyll and Bute","S12000035",17555,18531,19687,19627,20086
"lacu:Clackmannanshire","S12000005",18579,18806,19861,19294,19695
"lacu:Dumfries and Galloway","S12000006",17300,17587,18378,18442,19172
"lacu:Dundee City","S12000042",14898,15360,16351,16479,16816
"lacu:East Ayrshire","S12000008",16309,16408,17077,17042,17429
"lacu:East Dunbartonshire","S12000045",22689,23397,23332,22829,23442
"lacu:East Lothian","S12000010",20825,21270,22650,22493,23135
"lacu:East Renfrewshire","S12000011",22871,23412,22562,22338,23028
"lacu:City of Edinburgh","S12000036",21707,22543,23861,23360,24161
"lacu:Na h-Eileanan Siar","S12000013",16462,17459,18491,18276,18594
"lacu:Falkirk","S12000014",17060,17805,18291,18006,18236
"lacu:Fife","S12000047",16986,17270,17756,17851,18299
"lacu:Glasgow City","S12000049",15699,15958,16573,16710,17215
"lacu:Highland","S12000017",18423,18959,19713,19523,19987
"lacu:Inverclyde","S12000018",16536,17122,17965,17737,18127
"lacu:Midlothian","S12000019",18422,19090,19116,19434,19880
"lacu:Moray","S12000020",16891,17577,18392,18255,18438
"lacu:North Ayrshire","S12000021",15803,16544,16945,17060,17332
"lacu:North Lanarkshire","S12000050",16261,16645,17084,17096,17403
"lacu:Orkney Islands","S12000023",17672,18142,18787,18804,19531
"lacu:Perth and Kinross","S12000048",19362,20113,20934,20746,21110
"lacu:Renfrewshire","S12000038",17040,17547,18367,18360,18620
"lacu:Scottish Borders","S12000026",18739,18968,19942,19975,20649
"lacu:Shetland Islands","S12000027",19586,19701,20819,20644,21045
"lacu:South Ayrshire","S12000028",18037,18416,18705,18648,19134
"lacu:South Lanarkshire","S12000029",17751,18406,19009,19183,19577
"lacu:Stirling","S12000030",19564,19893,20517,20077,20561
"lacu:West Dunbartonshire","S12000039",15302,16132,16734,16639,16978
"lacu:West Lothian","S12000040",17366,17907,18233,18265,18584
"lacu:Antrim and Newtownabbey","N09000001",16420,16756,17492,17468,17960
"lacu:Armagh City, Banbridge and Craigavon","N09000002",15589,15900,16473,16453,17216
"lacu:Belfast","N09000003",15605,16167,16726,16773,17507
"lacu:Causeway Coast and Glens","N09000004",16041,16321,16876,16509,16918
"lacu:Derry City and Strabane","N09000005",14382,14603,15378,15610,16572
"lacu:Fermanagh and Omagh","N09000006",15158,15410,16193,16252,17132
"lacu:Lisburn and Castlereagh","N09000007",18172,18731,19154,18936,19223
"lacu:Mid and East Antrim","N09000008",16921,17393,17755,17190,17767
"lacu:Mid Ulster","N09000009",15899,16354,17042,16834,17495
"lacu:Newry, Mourne and Down","N09000010",15316,15814,16444,16477,17275
"lacu:Ards and North Down","N09000011",17377,17786,18585,18487,19108
"ladu:Darlington","E06000005",16609,16910,17392,18004,18376
"ladu:County Durham","E06000047",15484,15903,16350,16362,17228
"ladu:Hartlepool","E06000001",15154,15870,15912,16153,16934
"ladu:Middlesbrough","E06000002",14747,15318,15783,16005,16222
"ladu:Northumberland","E06000057",18778,19191,19721,19586,20380
"ladu:Redcar and Cleveland","E06000003",15619,16111,16501,16549,17128
"ladu:Stockton-on-Tees","E06000004",16180,16399,17235,17382,17935
"ladu:Gateshead","E08000037",14857,15527,16095,16078,16833
"ladu:Newcastle upon Tyne","E08000021",15411,15848,16572,16286,17431
"ladu:North Tyneside","E08000022",16550,17104,17798,18382,18717
"ladu:South Tyneside","E08000023",15521,15647,15890,16123,16910
"ladu:Sunderland","E08000024",15204,15402,15840,15831,16538
"ladu:Blackburn with Darwen","E06000008",13102,13719,14417,14948,15025
"ladu:Blackpool","E06000009",15630,15976,16571,16713,16717
"ladu:Cheshire East","E06000049",22725,23946,24824,24503,24684
"ladu:Cheshire West and Chester","E06000050",20382,21114,21741,21509,21340
"ladu:Halton","E06000006",16501,17220,17493,17759,18216
"ladu:Warrington","E06000007",19057,19927,20699,20633,20952
"ladu:Allerdale","E07000026",17857,18345,18658,18493,19246
"ladu:Barrow-in-Furness","E07000027",16662,17092,17805,18304,18735
"ladu:Carlisle","E07000028",16471,16992,17330,17721,17724
"ladu:Copeland","E07000029",17574,17519,18257,18618,19251
"ladu:Eden","E07000030",19841,20586,21143,20719,20858
"ladu:South Lakeland","E07000031",23036,23473,24435,23311,24312
"ladu:Bolton","E08000001",15910,16332,16807,16835,16967
"ladu:Bury","E08000002",17828,18463,18993,19167,19505
"ladu:Manchester","E08000003",14452,15143,15681,16031,16894
"ladu:Oldham","E08000004",14175,14960,15582,15641,15714
"ladu:Rochdale","E08000005",14725,15027,15741,15891,16297
"ladu:Salford","E08000006",17053,16896,17681,17815,18113
"ladu:Stockport","E08000007",19802,20691,21496,21338,21949
"ladu:Tameside","E08000008",15558,16010,16558,16646,16659
"ladu:Trafford","E08000009",21281,22929,23692,23390,24360
"ladu:Wigan","E08000010",15626,16102,16642,16800,17223
"ladu:Burnley","E07000117",14296,14847,15457,15720,15168
"ladu:Chorley","E07000118",17759,18041,18953,19167,19839
"ladu:Fylde","E07000119",21087,21939,22492,21877,22514
"ladu:Hyndburn","E07000120",14425,14729,15527,15521,15539
"ladu:Lancaster","E07000121",15867,16286,16231,16477,17680
"ladu:Pendle","E07000122",15560,15425,15945,15958,15841
"ladu:Preston","E07000123",15370,15452,16225,16861,17097
"ladu:Ribble Valley","E07000124",23887,24873,25241,23584,24734
"ladu:Rossendale","E07000125",17021,17463,17512,17672,18326
"ladu:South Ribble","E07000126",17220,17884,18676,19006,19423
"ladu:West Lancashire","E07000127",18543,19431,20307,20269,20628
"ladu:Wyre","E07000128",17742,18202,19407,19146,19979
"ladu:Knowsley","E08000011",15558,15815,16820,17050,17262
"ladu:Liverpool","E08000012",14868,15244,15600,15878,16976
"ladu:Sefton","E08000014",17955,18290,18686,18943,19113
"ladu:St. Helens","E08000013",15862,16432,17416,17400,17590
"ladu:Wirral","E08000015",17492,18097,18747,18567,19359
"ladu:East Riding of Yorkshire","E06000011",18441,19292,19846,19737,20430
"ladu:Kingston upon Hull, City of","E06000010",13751,14316,14761,15130,15038
"ladu:North East Lincolnshire","E06000012",15730,16075,16722,17001,17667
"ladu:North Lincolnshire","E06000013",15513,16218,16667,16637,17374
"ladu:York","E06000014",18278,19157,19772,19474,20884
"ladu:Craven","E07000163",19648,19996,20710,21007,21596
"ladu:Hambleton","E07000164",21078,22172,22684,22662,23742
"ladu:Harrogate","E07000165",24805,26173,27086,25542,26421
"ladu:Richmondshire","E07000166",17874,19267,19247,18870,21079
"ladu:Ryedale","E07000167",20387,20436,21101,20834,21669
"ladu:Scarborough","E07000168",17517,18087,18454,18690,19204
"ladu:Selby","E07000169",18520,19484,20540,20371,20922
"ladu:Barnsley","E08000016",15469,16054,16876,17144,17805
"ladu:Doncaster","E08000017",15941,16474,16535,16724,17397
"ladu:Rotherham","E08000018",15884,16110,16651,16729,17182
"ladu:Sheffield","E08000019",14924,15504,15856,15764,17224
"ladu:Bradford","E08000032",14487,14797,15300,15451,15704
"ladu:Calderdale","E08000033",16905,17312,17803,17604,18340
"ladu:Kirklees","E08000034",15571,16264,16918,16865,17668
"ladu:Leeds","E08000035",17168,17948,18672,18663,19061
"ladu:Wakefield","E08000036",16349,16753,17126,17403,18026
"ladu:Derby","E06000015",15362,15983,16630,16685,16736
"ladu:Leicester","E06000016",13130,13403,13908,14503,14605
"ladu:Nottingham","E06000018",12804,13118,13666,13800,15015
"ladu:Rutland","E06000017",22241,23860,25284,24228,24489
"ladu:Amber Valley","E07000032",17562,18019,18622,18891,19953
"ladu:Bolsover","E07000033",14391,14750,15305,16075,16766
"ladu:Chesterfield","E07000034",15132,15626,16745,17182,17797
"ladu:Derbyshire Dales","E07000035",23878,24941,25242,23501,24930
"ladu:Erewash","E07000036",16278,16986,17515,17708,18519
"ladu:High Peak","E07000037",18923,18914,19348,19513,20549
"ladu:North East Derbyshire","E07000038",17362,18363,18721,18826,19585
"ladu:South Derbyshire","E07000039",18144,18745,19432,19316,20407
"ladu:Blaby","E07000129",16987,17519,18351,18688,18957
"ladu:Charnwood","E07000130",16830,17146,18228,17653,18845
"ladu:Harborough","E07000131",23868,23969,24706,23845,24308
"ladu:Hinckley and Bosworth","E07000132",18325,19038,19189,19477,20047
"ladu:Melton","E07000133",19885,20826,21140,21189,21842
"ladu:North West Leicestershire","E07000134",18140,18286,19103,19770,20387
"ladu:Oadby and Wigston","E07000135",16952,17527,18544,18718,19296
"ladu:Boston","E07000136",16317,16417,17276,16757,17318
"ladu:East Lindsey","E07000137",16797,17527,18126,17888,18561
"ladu:Lincoln","E07000138",14562,15129,15652,15890,15693
"ladu:North Kesteven","E07000139",17891,18431,18891,18943,19386
"ladu:South Holland","E07000140",16923,17181,17275,17314,18139
"ladu:South Kesteven","E07000141",19115,20352,21390,21209,21864
"ladu:West Lindsey","E07000142",18066,18221,18875,19254,20154
"ladu:Ashfield","E07000170",14715,15295,15797,15942,16608
"ladu:Bassetlaw","E07000171",17006,17640,18347,18332,18935
"ladu:Broxtowe","E07000172",16961,17225,17639,18041,19226
"ladu:Gedling","E07000173",17787,18015,18857,18760,19482
"ladu:Mansfield","E07000174",15453,16055,16498,17064,17250
"ladu:Newark and Sherwood","E07000175",18485,19455,20116,19580,20429
"ladu:Rushcliffe","E07000176",21818,22512,22984,22586,23828
"ladu:North Northamptonshire","E06000061",18492,18835,19387,19588,19690
"ladu:West Northamptonshire","E06000062",20461,21394,21940,21790,21408
"ladu:Herefordshire, County of","E06000019",18775,19465,20264,20249,21602
"ladu:Shropshire","E06000051",18922,19678,20193,19894,20704
"ladu:Stoke-on-Trent","E06000021",14179,14876,15237,15232,15470
"ladu:Telford and Wrekin","E06000020",16208,16677,17163,17352,17711
"ladu:Cannock Chase","E07000192",15886,16411,16795,17236,17873
"ladu:East Staffordshire","E07000193",17571,18872,19001,18675,18761
"ladu:Lichfield","E07000194",21464,22806,22814,22341,23105
"ladu:Newcastle-under-Lyme","E07000195",15893,16379,16985,17024,18723
"ladu:South Staffordshire","E07000196",19493,19667,20907,20468,21727
"ladu:Stafford","E07000197",18984,19554,20488,20084,20872
"ladu:Staffordshire Moorlands","E07000198",18132,18605,18797,19046,20343
"ladu:Tamworth","E07000199",15734,16526,17379,17462,17327
"ladu:North Warwickshire","E07000218",18234,18077,18648,18605,19250
"ladu:Nuneaton and Bedworth","E07000219",16396,16771,17395,17647,17652
"ladu:Rugby","E07000220",19808,19797,20426,20122,20108
"ladu:Stratford-on-Avon","E07000221",27515,27370,27827,26206,26872
"ladu:Warwick","E07000222",23954,25299,25223,24905,25088
"ladu:Birmingham","E08000025",14434,14877,15410,15676,16183
"ladu:Coventry","E08000026",14672,15007,15211,15097,17175
"ladu:Dudley","E08000027",15543,15978,16411,16510,16893
"ladu:Sandwell","E08000028",13599,13983,14477,14682,14614
"ladu:Solihull","E08000029",21748,22541,23114,22271,22984
"ladu:Walsall","E08000030",14644,15155,15382,15459,16106
"ladu:Wolverhampton","E08000031",14426,14872,15314,15557,16008
"ladu:Bromsgrove","E07000234",22795,23209,23156,22860,23815
"ladu:Malvern Hills","E07000235",21755,22680,23927,23198,24148
"ladu:Redditch","E07000236",17850,18817,19463,19783,19385
"ladu:Worcester","E07000237",16735,17348,18142,18301,18190
"ladu:Wychavon","E07000238",21594,23007,23306,22997,23732
"ladu:Wyre Forest","E07000239",17534,18268,18987,19047,19746
"ladu:Bedford","E06000055",20528,21340,21938,21713,21328
"ladu:Central Bedfordshire","E06000056",20919,21561,22126,21573,22509
"ladu:Luton","E06000032",16199,16526,17133,17592,17211
"ladu:Peterborough","E06000031",17066,17475,18156,18325,17841
"ladu:Southend-on-Sea","E06000033",19485,20229,20894,20763,21874
"ladu:Thurrock","E06000034",18235,19129,19737,19710,20455
"ladu:Cambridge","E07000008",23590,24402,26431,25438,22711
"ladu:East Cambridgeshire","E07000009",20559,21438,22030,21588,23219
"ladu:Fenland","E07000010",16990,17148,17930,18155,18800
"ladu:Huntingdonshire","E07000011",19697,20637,21491,21205,21584
"ladu:South Cambridgeshire","E07000012",25384,26453,26821,25994,27031
"ladu:Basildon","E07000066",19178,20093,20869,20679,21261
"ladu:Braintree","E07000067",19801,20946,21744,21438,21959
"ladu:Brentwood","E07000068",28592,30158,30265,29286,30839
"ladu:Castle Point","E07000069",20033,21191,21708,21261,22109
"ladu:Chelmsford","E07000070",22000,22995,24318,23838,24460
"ladu:Colchester","E07000071",18663,19243,19873,19418,20847
"ladu:Epping Forest","E07000072",28298,30037,30455,29414,30646
"ladu:Harlow","E07000073",16898,17544,18905,19299,18546
"ladu:Maldon","E07000074",21913,22328,22066,22439,23136
"ladu:Rochford","E07000075",21023,21864,22372,21836,23041
"ladu:Tendring","E07000076",18214,18719,19166,19178,19916
"ladu:Uttlesford","E07000077",25347,27076,27597,26412,27714
"ladu:Broxbourne","E07000095",21335,21897,22756,21957,22288
"ladu:Dacorum","E07000096",24462,25484,25294,25010,26170
"ladu:East Hertfordshire","E07000242",25615,26886,27509,26652,27855
"ladu:Hertsmere","E07000098",28781,30151,30467,29708,30800
"ladu:North Hertfordshire","E07000099",23939,24863,25020,24576,25574
"ladu:St Albans","E07000240",30176,31927,32917,31121,32898
"ladu:Stevenage","E07000243",18207,18754,19627,19687,19990
"ladu:Three Rivers","E07000102",28597,28709,30063,28531,29956
"ladu:Watford","E07000103",21977,22611,23241,23148,22578
"ladu:Welwyn Hatfield","E07000241",21167,21469,22515,21651,23372
"ladu:Breckland","E07000143",16919,17596,18156,18336,19050
"ladu:Broadland","E07000144",19894,20325,20730,20368,21326
"ladu:Great Yarmouth","E07000145",14941,15871,16205,16923,17332
"ladu:King's Lynn and West Norfolk","E07000146",17328,17926,18906,19204,19305
"ladu:North Norfolk","E07000147",18824,19876,20834,19517,20600
"ladu:Norwich","E07000148",15412,15802,16995,16640,16980
"ladu:South Norfolk","E07000149",19216,19586,20363,19986,21069
"ladu:Babergh","E07000200",20666,21498,21941,21459,22450
"ladu:Ipswich","E07000202",15861,16124,16843,17906,17516
"ladu:Mid Suffolk","E07000203",19422,20163,20711,20064,21265
"ladu:East Suffolk","E07000244",19638,20421,20204,19959,21069
"ladu:West Suffolk","E07000245",18074,18963,20152,19548,20047
"ladu:Camden","E09000007",41311,43635,44503,41386,58604
"ladu:City of London","E09000001",218109,210153,186102,145571,192005
"ladu:Hackney","E09000012",23645,24836,25960,26160,29655
"ladu:Hammersmith and Fulham","E09000013",40817,41880,42423,41560,44040
"ladu:Haringey","E09000014",27846,29194,30502,30087,31874
"ladu:Islington","E09000019",30519,31973,33183,31638,37422
"ladu:Kensington and Chelsea","E09000020",79736,84239,83412,78140,90917
"ladu:Lambeth","E09000022",27379,29171,30296,30219,31534
"ladu:Lewisham","E09000023",22012,23020,24178,24344,25892
"ladu:Newham","E09000025",18435,19609,20670,20928,22217
"ladu:Southwark","E09000028",25844,27654,28324,28332,31054
"ladu:Tower Hamlets","E09000030",25413,26342,27137,26422,29716
"ladu:Wandsworth","E09000032",37506,39441,40603,39481,41584
"ladu:Westminster","E09000033",53883,54307,53770,49088,67389
"ladu:Barking and Dagenham","E09000002",16412,17418,18115,18751,18667
"ladu:Barnet","E09000003",28310,29789,30316,29661,31645
"ladu:Bexley","E09000004",20848,21668,22441,22219,23022
"ladu:Brent","E09000005",24069,25528,26239,25937,25842
"ladu:Bromley","E09000006",26318,27766,28448,27888,29032
"ladu:Croydon","E09000008",21637,23022,23833,23874,24323
"ladu:Ealing","E09000009",26073,27029,27708,28061,26673
"ladu:Enfield","E09000010",21562,22509,23471,23522,24595
"ladu:Greenwich","E09000011",21992,22962,24033,24100,24736
"ladu:Harrow","E09000015",26460,27758,27988,27176,27535
"ladu:Havering","E09000016",21817,22900,23359,23084,23702
"ladu:Hillingdon","E09000017",20808,21628,22374,22102,22994
"ladu:Hounslow","E09000018",23678,25010,26164,26043,25174
"ladu:Kingston upon Thames","E09000021",25453,27493,27663,27358,29942
"ladu:Merton","E09000024",29588,31247,32783,32020,32084
"ladu:Redbridge","E09000026",21941,23398,23832,23696,24430
"ladu:Richmond upon Thames","E09000027",38229,41082,42251,40390,42567
"ladu:Sutton","E09000029",22525,23848,24486,23787,24426
"ladu:Waltham Forest","E09000031",21761,23036,23983,23996,24476
"ladu:Bracknell Forest","E06000036",21523,21942,22974,23182,23748
"ladu:Brighton and Hove","E06000043",21820,22627,23257,22695,24834
"ladu:Isle of Wight","E06000046",17299,18035,18756,18745,19522
"ladu:Medway","E06000035",18304,18895,19573,19766,20384
"ladu:Milton Keynes","E06000042",20531,21454,21895,22096,21409
"ladu:Portsmouth","E06000044",15936,16496,17187,17511,18576
"ladu:Reading","E06000038",21401,21941,23833,23745,22434
"ladu:Slough","E06000039",17845,18562,19518,19738,19103
"ladu:Southampton","E06000045",16312,16910,17503,17444,18100
"ladu:West Berkshire","E06000037",24987,25582,27083,26405,26778
"ladu:Windsor and Maidenhead","E06000040",30622,31172,32882,32218,32742
"ladu:Wokingham","E06000041",26261,27976,28065,27334,27805
"ladu:Buckinghamshire","E06000060",26907,27650,28508,27533,28440
"ladu:Eastbourne","E07000061",19326,19446,19669,19976,20957
"ladu:Hastings","E07000062",16116,17004,17546,17873,18846
"ladu:Lewes","E07000063",22300,22784,24034,22865,24606
"ladu:Rother","E07000064",21628,22270,22127,22169,24026
"ladu:Wealden","E07000065",23943,24227,24981,24210,25776
"ladu:Basingstoke and Deane","E07000084",23808,24757,25189,24606,24448
"ladu:East Hampshire","E07000085",25888,26522,27207,26053,26545
"ladu:Eastleigh","E07000086",20455,21290,21818,21268,21585
"ladu:Fareham","E07000087",20762,21430,22619,21693,22483
"ladu:Gosport","E07000088",16953,17444,18156,18242,19027
"ladu:Hart","E07000089",26948,27941,28799,28290,28565
"ladu:Havant","E07000090",19439,19773,20157,20271,20998
"ladu:New Forest","E07000091",23027,23553,24464,23972,25253
"ladu:Rushmoor","E07000092",19086,19822,20902,21078,20285
"ladu:Test Valley","E07000093",22982,24210,24590,24164,24434
"ladu:Winchester","E07000094",25328,26862,28122,27126,28022
"ladu:Ashford","E07000105",20634,20956,21591,21819,22451
"ladu:Canterbury","E07000106",17589,18132,18745,18767,20865
"ladu:Dartford","E07000107",20402,21068,21305,21265,21742
"ladu:Dover","E07000108",18409,19003,19573,19409,20420
"ladu:Gravesham","E07000109",19145,19586,20816,20809,21534
"ladu:Maidstone","E07000110",21018,21869,22474,22049,22586
"ladu:Sevenoaks","E07000111",29959,30422,30802,29826,31292
"ladu:Folkestone and Hythe","E07000112",19692,19919,20327,20551,22103
"ladu:Swale","E07000113",18564,19326,19941,19603,20308
"ladu:Thanet","E07000114",17458,18032,18618,19217,20151
"ladu:Tonbridge and Malling","E07000115",22676,23672,24326,24015,24915
"ladu:Tunbridge Wells","E07000116",25424,27371,28274,27156,29087
"ladu:Cherwell","E07000177",21912,22803,24049,23596,22983
"ladu:Oxford","E07000178",20675,21379,22943,22576,21827
"ladu:South Oxfordshire","E07000179",27882,28519,30243,29444,29484
"ladu:Vale of White Horse","E07000180",23692,24239,25067,25071,25738
"ladu:West Oxfordshire","E07000181",25299,26816,26782,25668,25966
"ladu:Elmbridge","E07000207",37614,39047,41170,39156,41258
"ladu:Epsom and Ewell","E07000208",26990,27522,27708,26841,27884
"ladu:Guildford","E07000209",27254,28449,29184,27821,30770
"ladu:Mole Valley","E07000210",31191,32445,33188,32539,33569
"ladu:Reigate and Banstead","E07000211",26513,27183,28461,27686,28611
"ladu:Runnymede","E07000212",24160,25592,25944,25527,27502
"ladu:Spelthorne","E07000213",23455,24724,25384,25483,25387
"ladu:Surrey Heath","E07000214",27023,28246,29369,28320,28728
"ladu:Tandridge","E07000215",27334,28893,29720,28322,29703
"ladu:Waverley","E07000216",30672,32604,32816,32095,33400
"ladu:Woking","E07000217",27672,28452,28971,28078,28088
"ladu:Adur","E07000223",18789,19285,19945,19920,20552
"ladu:Arun","E07000224",20946,21591,21583,21502,21849
"ladu:Chichester","E07000225",25596,26321,27232,26191,26683
"ladu:Crawley","E07000226",18554,19805,20470,19779,18927
"ladu:Horsham","E07000227",25883,26905,27437,26665,27234
"ladu:Mid Sussex","E07000228",24508,25187,26310,25653,25983
"ladu:Worthing","E07000229",19697,20840,21224,21239,21774
"ladu:Bath and North East Somerset","E06000022",21383,22073,23003,21719,23101
"ladu:Bristol, City of","E06000023",18877,19583,20742,20497,21084
"ladu:Cornwall","E06000052",17599,17975,18730,18836,19760
"ladu:Isles of Scilly","E06000053",21592,21290,22715,23532,22827
"ladu:North Somerset","E06000024",21126,21752,22766,22502,23137
"ladu:Plymouth","E06000026",16021,16522,17247,17215,17472
"ladu:South Gloucestershire","E06000025",20010,21366,21485,20984,21542
"ladu:Swindon","E06000030",18726,19442,20312,20175,19815
"ladu:Torbay","E06000027",17461,17950,18498,18767,19254
"ladu:Wiltshire","E06000054",20765,21860,22844,22267,22645
"ladu:East Devon","E07000040",20359,21233,22135,21279,21795
"ladu:Exeter","E07000041",16080,16908,17465,17277,18340
"ladu:Mid Devon","E07000042",18532,19517,20059,20226,21233
"ladu:North Devon","E07000043",18367,18579,19594,19274,20227
"ladu:South Hams","E07000044",23198,24004,24825,23914,24971
"ladu:Teignbridge","E07000045",18985,19824,20512,20434,21296
"ladu:Torridge","E07000046",16694,17466,17837,18074,18968
"ladu:West Devon","E07000047",20317,20870,21137,20365,20778
"ladu:Bournemouth, Christchurch and Poole","E06000058",19771,20625,21593,21058,21751
"ladu:Dorset","E06000059",20416,21271,22088,21640,22358
"ladu:Cheltenham","E07000078",20885,21891,22985,22523,22888
"ladu:Cotswold","E07000079",28610,29792,31128,29175,30544
"ladu:Forest of Dean","E07000080",17065,17975,18608,18731,19351
"ladu:Gloucester","E07000081",16252,16464,17410,17654,17579
"ladu:Stroud","E07000082",21543,22645,23292,22258,23267
"ladu:Tewkesbury","E07000083",20199,20450,20715,20593,21705
"ladu:Mendip","E07000187",20262,21441,21682,21355,22291
"ladu:Sedgemoor","E07000188",17823,18945,20076,19914,20508
"ladu:South Somerset","E07000189",19553,19644,20570,20131,20579
"ladu:Somerset West and Taunton","E07000246",18114,18836,19757,19677,20220
"ladu:Isle of Anglesey","W06000001",16389,16854,17072,17154,18046
"ladu:Gwynedd","W06000002",15006,15343,15707,15763,17430
"ladu:Conwy","W06000003",16674,17383,17926,17829,18975
"ladu:Denbighshire","W06000004",16696,17340,17201,17228,17786
"ladu:Flintshire","W06000005",17419,18270,18635,18719,19212
"ladu:Wrexham","W06000006",17040,16983,17164,17268,17661
"ladu:Powys","W06000023",16984,17644,18303,18361,19113
"ladu:Ceredigion","W06000008",15213,15888,16448,16502,17824
"ladu:Pembrokeshire","W06000009",16184,16762,17111,17086,18109
"ladu:Carmarthenshire","W06000010",15742,16296,16665,16735,17419
"ladu:Swansea","W06000011",15169,15715,16197,16670,17772
"ladu:Neath Port Talbot","W06000012",15719,15714,16510,16638,17181
"ladu:Bridgend","W06000013",15430,16372,16439,16816,17177
"ladu:Vale of Glamorgan","W06000014",18876,20028,20640,20689,21923
"ladu:Cardiff","W06000015",16115,16831,17110,17491,18536
"ladu:Rhondda Cynon Taff","W06000016",14675,15262,15765,15968,16694
"ladu:Merthyr Tydfil","W06000024",14687,15146,15145,15304,16043
"ladu:Caerphilly","W06000018",15099,15466,16281,16405,17411
"ladu:Blaenau Gwent","W06000019",13002,13572,13612,14038,14884
"ladu:Torfaen","W06000020",14990,15917,16242,16413,17117
"ladu:Monmouthshire","W06000021",20059,20900,22151,21609,22720
"ladu:Newport","W06000022",15923,16703,16799,17070,17154
"ladu:Aberdeen City","S12000033",20021,20211,20865,20231,20520
"ladu:Aberdeenshire","S12000034",20982,21881,22445,21995,22354
"ladu:Angus","S12000041",18627,19140,19438,19009,19398
"ladu:Argyll and Bute","S12000035",17555,18531,19687,19627,20086
"ladu:Clackmannanshire","S12000005",18579,18806,19861,19294,19695
"ladu:Dumfries and Galloway","S12000006",17300,17587,18378,18442,19172
"ladu:Dundee City","S12000042",14898,15360,16351,16479,16816
"ladu:East Ayrshire","S12000008",16309,16408,17077,17042,17429
"ladu:East Dunbartonshire","S12000045",22689,23397,23332,22829,23442
"ladu:East Lothian","S12000010",20825,21270,22650,22493,23135
"ladu:East Renfrewshire","S12000011",22871,23412,22562,22338,23028
"ladu:City of Edinburgh","S12000036",21707,22543,23861,23360,24161
"ladu:Na h-Eileanan Siar","S12000013",16462,17459,18491,18276,18594
"ladu:Falkirk","S12000014",17060,17805,18291,18006,18236
"ladu:Fife","S12000047",16986,17270,17756,17851,18299
"ladu:Glasgow City","S12000049",15699,15958,16573,16710,17215
"ladu:Highland","S12000017",18423,18959,19713,19523,19987
"ladu:Inverclyde","S12000018",16536,17122,17965,17737,18127
"ladu:Midlothian","S12000019",18422,19090,19116,19434,19880
"ladu:Moray","S12000020",16891,17577,18392,18255,18438
"ladu:North Ayrshire","S12000021",15803,16544,16945,17060,17332
"ladu:North Lanarkshire","S12000050",16261,16645,17084,17096,17403
"ladu:Orkney Islands","S12000023",17672,18142,18787,18804,19531
"ladu:Perth and Kinross","S12000048",19362,20113,20934,20746,21110
"ladu:Renfrewshire","S12000038",17040,17547,18367,18360,18620
"ladu:Scottish Borders","S12000026",18739,18968,19942,19975,20649
"ladu:Shetland Islands","S12000027",19586,19701,20819,20644,21045
"ladu:South Ayrshire","S12000028",18037,18416,18705,18648,19134
"ladu:South Lanarkshire","S12000029",17751,18406,19009,19183,19577
"ladu:Stirling","S12000030",19564,19893,20517,20077,20561
"ladu:West Dunbartonshire","S12000039",15302,16132,16734,16639,16978
"ladu:West Lothian","S12000040",17366,17907,18233,18265,18584
"ladu:Antrim and Newtownabbey","N09000001",16420,16756,17492,17468,17960
"ladu:Armagh City, Banbridge and Craigavon","N09000002",15589,15900,16473,16453,17216
"ladu:Belfast","N09000003",15605,16167,16726,16773,17507
"ladu:Causeway Coast and Glens","N09000004",16041,16321,16876,16509,16918
"ladu:Derry City and Strabane","N09000005",14382,14603,15378,15610,16572
"ladu:Fermanagh and Omagh","N09000006",15158,15410,16193,16252,17132
"ladu:Lisburn and Castlereagh","N09000007",18172,18731,19154,18936,19223
"ladu:Mid and East Antrim","N09000008",16921,17393,17755,17190,17767
"ladu:Mid Ulster","N09000009",15899,16354,17042,16834,17495
"ladu:Newry, Mourne and Down","N09000010",15316,15814,16444,16477,17275
"ladu:Ards and North Down","N09000011",17377,17786,18585,18487,19108



"","Column totals may not sum due to rounding."
"",""

"","Growth in per head estimates between 2020 and 2021 are unreliable"
"","because of a discontinuity in population data for some areas,"
"","caused by differences in the timing of census updates."
"",""

"","There may be discrepancies in these estimates compared to other published"
"","estimates due to rounding."
"",""

